{"cameraMode":{"drawMode":0,"name":"Shaded","section":"Shading Mode"},"sceneLighting":false,"audioPlay":false,"sceneViewState":{"m_AlwaysRefresh":false,"showFog":true,"showSkybox":false,"showFlares":true,"showImageEffects":true,"showParticleSystems":true,"showVisualEffectGraphs":true,"m_FxEnabled":true},"in2DMode":false,"pivot":{"x":0.011140912771224976,"y":0.004111692309379578,"z":0.014948815107345581},"rotation":{"x":-0.02290811575949192,"y":-0.9696258902549744,"z":0.2269916534423828,"w":-0.09092781692743302},"size":1.0434517860412598,"orthographic":false}