{"cameraMode":{"drawMode":0,"name":"Shaded","section":"Shading Mode"},"sceneLighting":false,"audioPlay":false,"sceneViewState":{"m_AlwaysRefresh":false,"showFog":true,"showSkybox":false,"showFlares":true,"showImageEffects":true,"showParticleSystems":true,"showVisualEffectGraphs":true,"m_FxEnabled":true},"in2DMode":false,"pivot":{"x":-0.011999368667602539,"y":0.00578095018863678,"z":0.4931381344795227},"rotation":{"x":-0.12289084494113922,"y":-0.8647639751434326,"z":0.2504040002822876,"w":-0.4181751012802124},"size":0.6053441166877747,"orthographic":false}